{
  "evaluation": {
    "training_time_s": 183.81767868995667,
    "testing_time_s": 26.371020078659058,
    "parameters": 1346617,
    "parameters_m": 1346617,
    "overall_accuracy_pc": 97.05797707000524,
    "cohen_kappa_pc": 96.679912489668,
    "per_class_accuracy": {
      "abachi": 96.90566891713499,
      "afromasia": 97.68188045280843,
      "ipe": 95.89813389839684,
      "iroko": 98.10043214013358,
      "merbau": 97.94539518410032,
      "ovangol": 95.95304346355202,
      "padauk": 98.06681462445977,
      "sapelimahonki": 97.38290473532821,
      "tiiki": 96.30507172131148
    }
  },
  "splits": {
    "train_samples": 11620,
    "val_samples": 104588,
    "test_samples": 1045879,
    "train_class_counts": [
      1473,
      924,
      1437,
      961,
      1324,
      1314,
      1332,
      1294,
      1561
    ],
    "val_class_counts": [
      13256,
      8322,
      12930,
      8655,
      11914,
      11824,
      11985,
      11647,
      14055
    ],
    "test_class_counts": [
      132565,
      83214,
      129307,
      86546,
      119147,
      118237,
      119854,
      116465,
      140544
    ]
  }
}