{
  "evaluation": {
    "training_time_s": 219.83557057380676,
    "testing_time_s": 30.34089469909668,
    "parameters": 15838457,
    "parameters_m": 15838457,
    "overall_accuracy_pc": 97.98858185315892,
    "cohen_kappa_pc": 97.730192986908,
    "per_class_accuracy": {
      "abachi": 97.40957266246747,
      "afromasia": 98.9088374552359,
      "ipe": 96.76815640297896,
      "iroko": 99.28823978000139,
      "merbau": 98.78385523764761,
      "ovangol": 98.10888300616558,
      "padauk": 98.29375740484257,
      "sapelimahonki": 98.56265830936333,
      "tiiki": 96.80100182149363
    }
  },
  "splits": {
    "train_samples": 11620,
    "val_samples": 104588,
    "test_samples": 1045879,
    "train_class_counts": [
      1473,
      924,
      1437,
      961,
      1324,
      1314,
      1332,
      1294,
      1561
    ],
    "val_class_counts": [
      13256,
      8322,
      12930,
      8655,
      11914,
      11824,
      11985,
      11647,
      14055
    ],
    "test_class_counts": [
      132565,
      83214,
      129307,
      86546,
      119147,
      118237,
      119854,
      116465,
      140544
    ]
  }
}