{
  "evaluation": {
    "training_time_s": 369.23573994636536,
    "testing_time_s": 55.79580068588257,
    "parameters": 305289,
    "parameters_m": 305289,
    "overall_accuracy_pc": 97.55354108840505,
    "cohen_kappa_pc": 97.23945129735316,
    "per_class_accuracy": {
      "abachi": 98.05604797646438,
      "afromasia": 98.93407359338573,
      "ipe": 95.5771922633732,
      "iroko": 99.37720980750122,
      "merbau": 98.43134950942954,
      "ovangol": 96.72775865422837,
      "padauk": 96.24209454836719,
      "sapelimahonki": 98.617610440905,
      "tiiki": 97.14466643897997
    }
  },
  "splits": {
    "train_samples": 11620,
    "val_samples": 104588,
    "test_samples": 1045879,
    "train_class_counts": [
      1473,
      924,
      1437,
      961,
      1324,
      1314,
      1332,
      1294,
      1561
    ],
    "val_class_counts": [
      13256,
      8322,
      12930,
      8655,
      11914,
      11824,
      11985,
      11647,
      14055
    ],
    "test_class_counts": [
      132565,
      83214,
      129307,
      86546,
      119147,
      118237,
      119854,
      116465,
      140544
    ]
  }
}