{
  "evaluation": {
    "training_time_s": 344.40428471565247,
    "testing_time_s": 48.30915427207947,
    "parameters": 606473,
    "parameters_m": 606473,
    "overall_accuracy_pc": 96.99946169681196,
    "cohen_kappa_pc": 96.61335636277197,
    "per_class_accuracy": {
      "abachi": 97.68717233055482,
      "afromasia": 92.30538130603023,
      "ipe": 96.56012435521666,
      "iroko": 99.24548794860537,
      "merbau": 98.77126574735411,
      "ovangol": 96.82502093253382,
      "padauk": 97.4402189330352,
      "sapelimahonki": 97.28330399690894,
      "tiiki": 96.18482468123861
    }
  },
  "splits": {
    "train_samples": 11620,
    "val_samples": 104588,
    "test_samples": 1045879,
    "train_class_counts": [
      1473,
      924,
      1437,
      961,
      1324,
      1314,
      1332,
      1294,
      1561
    ],
    "val_class_counts": [
      13256,
      8322,
      12930,
      8655,
      11914,
      11824,
      11985,
      11647,
      14055
    ],
    "test_class_counts": [
      132565,
      83214,
      129307,
      86546,
      119147,
      118237,
      119854,
      116465,
      140544
    ]
  }
}