{
  "evaluation": {
    "training_time_s": 367.6589195728302,
    "testing_time_s": 49.290117025375366,
    "parameters": 134041,
    "parameters_m": 134041,
    "overall_accuracy_pc": 76.98471811748779,
    "cohen_kappa_pc": 74.02729282885798,
    "per_class_accuracy": {
      "abachi": 77.30924452155547,
      "afromasia": 37.74965750955368,
      "ipe": 72.05255709281013,
      "iroko": 79.2642063180274,
      "merbau": 93.58103854901928,
      "ovangol": 72.73696051151501,
      "padauk": 72.57746925425936,
      "sapelimahonki": 86.32808139784484,
      "tiiki": 88.56301229508196
    }
  },
  "splits": {
    "train_samples": 11620,
    "val_samples": 104588,
    "test_samples": 1045879,
    "train_class_counts": [
      1473,
      924,
      1437,
      961,
      1324,
      1314,
      1332,
      1294,
      1561
    ],
    "val_class_counts": [
      13256,
      8322,
      12930,
      8655,
      11914,
      11824,
      11985,
      11647,
      14055
    ],
    "test_class_counts": [
      132565,
      83214,
      129307,
      86546,
      119147,
      118237,
      119854,
      116465,
      140544
    ]
  }
}